movie_name,description,genre
The Lion King,A futuristic sci-fi adventure.,Comedy
The Shawshank Redemption,An inspiring story of overcoming obstacles.,Sci-Fi
The Godfather,A captivating tale of love and loss.,Sci-Fi
The Shawshank Redemption,A gripping story of survival and perseverance.,Comedy
The Silence of the Lambs,An epic tale of heroism and sacrifice.,Thriller
Kung Fu Panda,An emotional journey of self-discovery.,Adventure
The Lion King,A mind-bending journey through time and space.,Drama
Madagascar,A hilarious comedy of errors.,Sci-Fi
Titanic,A magical journey in a fantastical world.,Comedy
Zootopia,A captivating tale of love and loss.,Animation
The Lion King,A magical journey in a fantastical world.,Animation
Toy Story,An emotional journey of self-discovery.,Sci-Fi
Jurassic Park,A futuristic sci-fi adventure.,Animation
The Matrix,A captivating tale of love and loss.,Animation
Se7en,A futuristic sci-fi adventure.,Animation
The Lord of the Rings,A hilarious comedy of errors.,Drama
Forrest Gump,A mind-bending journey through time and space.,Animation
The Dark Knight,A powerful drama about family and loyalty.,Animation
Kung Fu Panda,A suspenseful mystery with a shocking twist.,Drama
Frozen,A magical journey in a fantastical world.,Adventure
The Lord of the Rings,A captivating tale of love and loss.,Animation
Toy Story,An epic tale of heroism and sacrifice.,Comedy
Toy Story,A futuristic sci-fi adventure.,Adventure
Interstellar,A gripping story of survival and perseverance.,Adventure
Up,A heartwarming story of friendship.,Drama
The Dark Knight,A suspenseful mystery with a shocking twist.,Drama
The Dark Knight,An epic tale of heroism and sacrifice.,Thriller
Fight Club,A heartwarming story of friendship.,Comedy
Pulp Fiction,A battle between good and evil.,Drama
Jurassic Park,A thrilling adventure with unexpected twists.,Drama
Moana,A thrilling adventure with unexpected twists.,Comedy
Zootopia,A gripping story of survival and perseverance.,Action
Se7en,A hilarious comedy of errors.,Drama
Inception,A gripping story of survival and perseverance.,Animation
Gladiator,A magical journey in a fantastical world.,Drama
Avatar,A suspenseful mystery with a shocking twist.,Sci-Fi
The Godfather,A battle between good and evil.,Sci-Fi
Gladiator,A heartwarming story of friendship.,Sci-Fi
Forrest Gump,A magical journey in a fantastical world.,Comedy
Fight Club,A magical journey in a fantastical world.,Thriller
Toy Story,An emotional journey of self-discovery.,Thriller
The Godfather,A mind-bending journey through time and space.,Adventure
The Silence of the Lambs,A heartwarming story of friendship.,Drama
The Dark Knight,A thrilling adventure with unexpected twists.,Drama
Kung Fu Panda,An emotional journey of self-discovery.,Comedy
The Avengers,A magical journey in a fantastical world.,Sci-Fi
Jurassic Park,A hilarious comedy of errors.,Adventure
Fight Club,A futuristic sci-fi adventure.,Sci-Fi
The Dark Knight,A heartwarming story of friendship.,Drama
Finding Nemo,A battle between good and evil.,Drama
WALL-E,An inspiring story of overcoming obstacles.,Adventure
The Dark Knight,A suspenseful mystery with a shocking twist.,Adventure
Frozen,An exciting quest for justice.,Animation
Frozen,A hilarious comedy of errors.,Comedy
The Godfather,A gripping story of survival and perseverance.,Animation
Inception,A suspenseful mystery with a shocking twist.,Drama
The Silence of the Lambs,A powerful drama about family and loyalty.,Animation
The Lord of the Rings,A heartwarming story of friendship.,Comedy
Kung Fu Panda,A futuristic sci-fi adventure.,Animation
Zootopia,A captivating tale of love and loss.,Sci-Fi
Moana,A captivating tale of love and loss.,Thriller
Inception,An emotional journey of self-discovery.,Comedy
Frozen,A suspenseful mystery with a shocking twist.,Animation
Finding Nemo,An exciting quest for justice.,Sci-Fi
The Shawshank Redemption,A magical journey in a fantastical world.,Drama
Fight Club,A captivating tale of love and loss.,Action
Interstellar,An inspiring story of overcoming obstacles.,Comedy
Gladiator,A battle between good and evil.,Comedy
Toy Story,An exciting quest for justice.,Animation
The Shawshank Redemption,A captivating tale of love and loss.,Drama
Pulp Fiction,A magical journey in a fantastical world.,Adventure
Finding Nemo,An exciting quest for justice.,Action
The Shawshank Redemption,An epic tale of heroism and sacrifice.,Drama
Kung Fu Panda,A heartwarming story of friendship.,Adventure
Kung Fu Panda,A powerful drama about family and loyalty.,Adventure
Jurassic Park,A powerful drama about family and loyalty.,Drama
Toy Story,An inspiring story of overcoming obstacles.,Thriller
Fight Club,A hilarious comedy of errors.,Animation
The Shawshank Redemption,A hilarious comedy of errors.,Comedy
Shrek,A hilarious comedy of errors.,Comedy
Se7en,A captivating tale of love and loss.,Action
Titanic,A captivating tale of love and loss.,Thriller
Se7en,A heartwarming story of friendship.,Drama
The Shawshank Redemption,An inspiring story of overcoming obstacles.,Drama
Madagascar,A powerful drama about family and loyalty.,Sci-Fi
Forrest Gump,A suspenseful mystery with a shocking twist.,Animation
Zootopia,A heartwarming story of friendship.,Thriller
Shrek,A battle between good and evil.,Drama
The Shawshank Redemption,A battle between good and evil.,Drama
The Lord of the Rings,A futuristic sci-fi adventure.,Sci-Fi
Kung Fu Panda,A battle between good and evil.,Adventure
Pulp Fiction,A futuristic sci-fi adventure.,Drama
Frozen,A battle between good and evil.,Thriller
Avatar,A powerful drama about family and loyalty.,Thriller
Shrek,A thrilling adventure with unexpected twists.,Comedy
Titanic,A heartwarming story of friendship.,Action
Interstellar,An inspiring story of overcoming obstacles.,Comedy
The Lion King,A mind-bending journey through time and space.,Animation
The Lord of the Rings,A heartwarming story of friendship.,Drama
Inception,A gripping story of survival and perseverance.,Thriller
Interstellar,A magical journey in a fantastical world.,Thriller
Inside Out,A battle between good and evil.,Animation
Finding Nemo,An exciting quest for justice.,Adventure
The Shawshank Redemption,A gripping story of survival and perseverance.,Thriller
Interstellar,A magical journey in a fantastical world.,Comedy
Jurassic Park,A powerful drama about family and loyalty.,Animation
Finding Nemo,A battle between good and evil.,Sci-Fi
Inside Out,A suspenseful mystery with a shocking twist.,Animation
The Avengers,A futuristic sci-fi adventure.,Animation
Moana,An exciting quest for justice.,Comedy
Se7en,A futuristic sci-fi adventure.,Action
The Matrix,A thrilling adventure with unexpected twists.,Action
Toy Story,A thrilling adventure with unexpected twists.,Comedy
Avatar,A hilarious comedy of errors.,Comedy
Frozen,A powerful drama about family and loyalty.,Action
Kung Fu Panda,An epic tale of heroism and sacrifice.,Action
Moana,A futuristic sci-fi adventure.,Adventure
The Shawshank Redemption,A gripping story of survival and perseverance.,Action
Avatar,A thrilling adventure with unexpected twists.,Adventure
Moana,An exciting quest for justice.,Action
The Avengers,A captivating tale of love and loss.,Action
Titanic,A magical journey in a fantastical world.,Animation
Finding Nemo,A futuristic sci-fi adventure.,Action
The Shawshank Redemption,A suspenseful mystery with a shocking twist.,Comedy
Pulp Fiction,A heartwarming story of friendship.,Adventure
Finding Nemo,A battle between good and evil.,Drama
The Silence of the Lambs,An exciting quest for justice.,Sci-Fi
Gladiator,An inspiring story of overcoming obstacles.,Animation
Fight Club,A thrilling adventure with unexpected twists.,Thriller
Finding Nemo,A hilarious comedy of errors.,Adventure
WALL-E,A mind-bending journey through time and space.,Sci-Fi
Toy Story,A powerful drama about family and loyalty.,Animation
Zootopia,An exciting quest for justice.,Action
Inside Out,An emotional journey of self-discovery.,Drama
The Godfather,A battle between good and evil.,Comedy
Zootopia,A hilarious comedy of errors.,Comedy
Up,A magical journey in a fantastical world.,Sci-Fi
Fight Club,An emotional journey of self-discovery.,Action
Moana,An epic tale of heroism and sacrifice.,Comedy
Kung Fu Panda,An epic tale of heroism and sacrifice.,Animation
WALL-E,A futuristic sci-fi adventure.,Action
Frozen,A powerful drama about family and loyalty.,Drama
Toy Story,A powerful drama about family and loyalty.,Adventure
Frozen,A suspenseful mystery with a shocking twist.,Animation
Titanic,A battle between good and evil.,Drama
Pulp Fiction,An epic tale of heroism and sacrifice.,Thriller
The Silence of the Lambs,A powerful drama about family and loyalty.,Adventure
Moana,A mind-bending journey through time and space.,Comedy
Shrek,A hilarious comedy of errors.,Comedy
WALL-E,An epic tale of heroism and sacrifice.,Animation
Toy Story,A hilarious comedy of errors.,Action
Titanic,A mind-bending journey through time and space.,Action
The Lion King,An epic tale of heroism and sacrifice.,Thriller
Kung Fu Panda,An emotional journey of self-discovery.,Comedy
The Lord of the Rings,A battle between good and evil.,Drama
Frozen,An inspiring story of overcoming obstacles.,Thriller
Coco,A gripping story of survival and perseverance.,Drama
Titanic,A captivating tale of love and loss.,Drama
Fight Club,A gripping story of survival and perseverance.,Drama
Pulp Fiction,An emotional journey of self-discovery.,Sci-Fi
The Matrix,A heartwarming story of friendship.,Comedy
The Shawshank Redemption,A gripping story of survival and perseverance.,Thriller
Shrek,A battle between good and evil.,Comedy
The Dark Knight,A futuristic sci-fi adventure.,Sci-Fi
Titanic,An exciting quest for justice.,Drama
Jurassic Park,A magical journey in a fantastical world.,Thriller
The Dark Knight,A hilarious comedy of errors.,Animation
Inside Out,A heartwarming story of friendship.,Adventure
Interstellar,A suspenseful mystery with a shocking twist.,Thriller
Toy Story,A thrilling adventure with unexpected twists.,Animation
WALL-E,An epic tale of heroism and sacrifice.,Thriller
Forrest Gump,A battle between good and evil.,Thriller
The Lion King,An inspiring story of overcoming obstacles.,Thriller
The Lord of the Rings,An inspiring story of overcoming obstacles.,Drama
The Lion King,A suspenseful mystery with a shocking twist.,Animation
Forrest Gump,A battle between good and evil.,Animation
Zootopia,A hilarious comedy of errors.,Action
Gladiator,A suspenseful mystery with a shocking twist.,Adventure
Coco,An inspiring story of overcoming obstacles.,Comedy
Madagascar,An inspiring story of overcoming obstacles.,Adventure
Se7en,A magical journey in a fantastical world.,Thriller
Forrest Gump,A mind-bending journey through time and space.,Thriller
The Avengers,A captivating tale of love and loss.,Sci-Fi
Kung Fu Panda,A mind-bending journey through time and space.,Thriller
Interstellar,A powerful drama about family and loyalty.,Action
Se7en,A heartwarming story of friendship.,Sci-Fi
The Shawshank Redemption,A suspenseful mystery with a shocking twist.,Action
The Lion King,A hilarious comedy of errors.,Action
The Lord of the Rings,A battle between good and evil.,Action
Kung Fu Panda,A battle between good and evil.,Action
Titanic,A thrilling adventure with unexpected twists.,Action
Interstellar,An exciting quest for justice.,Sci-Fi
The Lord of the Rings,A magical journey in a fantastical world.,Comedy
The Shawshank Redemption,A captivating tale of love and loss.,Animation
Jurassic Park,A battle between good and evil.,Thriller
Avatar,A suspenseful mystery with a shocking twist.,Sci-Fi
Pulp Fiction,A battle between good and evil.,Drama
Coco,A hilarious comedy of errors.,Adventure
Madagascar,An inspiring story of overcoming obstacles.,Sci-Fi
The Shawshank Redemption,An emotional journey of self-discovery.,Animation
